mass,distanceX,distanceY,distanceZ,velocityX,velocityY,velocityZ
1.00E+33,64631.37344,-30070.89287,-1550.898279,0.051436535,0.011400872,0.002650372
1.06E+24,3.02617E+11,-2.09266E+11,5546131730,241507.7769,349987.8594,20131.90857
1.90E+24,-6.43441E+11,-2.12274E+11,43107844402,9715823.493,-298136.9863,1009.549281
7.02E+24,-1.58485E+11,-4.76714E+11,45540086660,344195.5165,-116776.9992,-8408.509274
9.62E+24,-54257450096,5.52418E+11,13558809604,-345008.9796,-33981.83717,4987.32952
1.71E+90,5.11388E+11,-9.07542E+11,-20182147437,220184.7592,123789.4442,19940.85972
5.43E+24,-1.04742E+11,1.17038E+11,11238444092,-486053.8368,-429765.6511,-53218.82693
4.87E+24,50156823786,-98412838998,-34900159443,680408.2872,313670.857,159069.7629
2.99E+24,-3.2858E+11,95556197173,-11190493438,-123138.5285,-424087.381,12877.78876
1.35E+24,-5.35688E+11,4.44315E+11,-7289529586,-197429.3729,-237620.8427,18053.74595
4.53E+24,6.30797E+11,-42908253515,-23241891262,23591.32969,322297.5861,23406.2978
2.49E+24,-1.64872E+11,4.80175E+11,-10102232333,-341051.9874,-115863.0757,28807.20451
2.57E+24,5.58927E+11,5.93111E+11,-39866928081,-207628.7225,196652.8177,1108.386747
4.05E+24,1.40563E+12,1.25937E+12,-23975073697,-125464.9796,140059.3736,3214.330242
9.24E+24,1.42763E+11,-95708835800,-17319897295,270603.2344,460690.5613,-319967.6439
1.95E+24,-38085320855,2.21633E+11,15146702787,-536240.798,-92571.7953,-1095.648698
7.11E+24,1.29553E+11,-9.34774E+11,-47288680857,263071.9451,36624.82131,-26824.93651
8.08E+23,-1.33378E+11,-1.38565E+12,54975992518,217938.6861,-21086.46503,12262.78788
9.75E+23,-2.27003E+11,-2.41471E+11,5575877283,326673.5716,-307259.9561,-33446.54402
7.26E+24,1.42646E+11,-1.62874E+11,3526496119,413313.7031,359630.7245,-74036.88717
7.20E+24,-2.42738E+11,-48646040138,-33938934801,111762.5071,-491514.5553,-137268.09
2.05E+24,2.34082E+11,-3.28402E+11,-13209134300,329877.4816,232854.0736,41776.33924
2.71E+24,-2.76618E+11,-1.54522E+11,-23532316782,224560.9019,-399058.7968,-20231.94184
8.65E+24,-4.50466E+11,8.55965E+11,16592510253,-232456.4925,-122227.5557,-2899.385355
3.17E+24,-2.15862E+11,-3.15388E+11,-20314312573,343535.1229,-236309.3463,28839.04292
5.70E+24,3.43839E+11,8.23955E+11,44534066763,-252101.4804,105657.4866,6672.515672
2.17E+24,3.68235E+11,1.23165E+12,-39538250804,-217796.2949,65412.4007,19549.58238
6.78E+24,9.79574E+11,-5.17284E+11,-1.30653E+11,116503.8225,215198.0209,-2233.461759
7.49E+24,6.27528E+11,-2.08108E+11,24941369413,101068.2649,298091.6503,-32469.77448
6.17E+24,-2.89346E+11,-5.90012E+11,-5684401717,284787.5302,-139309.2424,-28703.48176
3.59E+24,-2.02445E+11,3.61137E+11,-6890424580,-349979.1204,-196484.2692,-6294.401338
8.29E+24,-2.49634E+11,3.43527E+11,-76849129371,-320448.5942,-225299.5677,35845.70284
8.16E+24,1.12597E+11,3.13541E+11,14545873746,-421299.6703,150605.513,-1662.444804
9.01E+24,-1.77854E+11,1.01428E+11,-20531320583,-239892.9382,-466657.8127,-215811.1929
8.92E+24,2.40469E+11,3.07023E+11,-22952549162,-326016.5146,250734.7503,-27430.26246
7.72E+24,-4.79507E+11,3.0703E+11,30799716674,-182649.3607,-288120.9907,23609.55656
7.71E+24,-2.76447E+11,-2.31327E+11,15734974499,274611.9388,-322720.1933,67610.67522
8.70E+24,-5.57473E+11,-1.19432E+11,-357073082.2,71498.45194,-333633.0076,-19261.36627
4.79E+24,28130513288,-1.09004E+12,-80069274098,247237.9585,5655.127835,-11490.66091
7.22E+24,4.41825E+11,5.20192E+11,17692163236,-238320.9345,202357.7061,7626.167477
5.39E+24,1.94036E+11,-22166932060,-11968822478,66350.65708,580187.75,74043.85012
4.34E+22,1.15884E+12,1.87342E+11,41814507056,-37944.0662,235395.3788,9885.497089
5.43E+24,-4.03911E+11,8.67517E+11,-24479109305,-239447.8627,-111332.1627,-1173.806497
4.45E+24,7.47205E+11,8.50593E+11,-42067501727,-182225.8014,160371.2582,-2470.1335
4.95E+24,63550296287,1.00439E+12,29157306397,-256948.4976,16248.60544,13922.06113
6.08E+23,2.6536E+11,-24532306589,41690145531,66999.56363,469696.5501,-148859.3475
8.57E+24,6.81983E+11,-1.75236E+11,-50218244166,80663.53076,288298.837,55058.22886
4.65E+24,1.30785E+12,-2.75707E+11,-96030900.28,46083.98389,218604.6633,10429.46004
4.33E+24,25337944325,2.46795E+11,18102030973,-501125.9903,40991.38055,108724.4187
4.20E+23,1.8999E+11,54041575383,-957204774.7,-158289.5986,557050.8597,77553.9263
4.29E+24,-2.09923E+11,-6.21814E+11,40908560863,301784.6177,-101372.1194,19308.54387
5.08E+24,3.38733E+11,-19175208071,-14256844629,24226.54786,442532.0454,-6522.858114
6.10E+24,-3.96002E+11,1.77152E+11,-9725495095,-155738.6262,-353401.3903,-48622.0971
6.33E+24,1.39444E+12,-3.06802E+11,-31285289958,46416.71362,211083.0949,-21413.0206
3.18E+24,87040009253,1.60893E+11,-12652997746,-528957.8005,288415.4566,35194.03983
6.20E+24,-2.59752E+11,4.34498E+11,14806606821,-311590.2991,-186282.0245,1568.28509
5.84E+24,4.5776E+11,-8.87864E+11,31876710216,229794.1518,118220.3521,73.38153079
1.52E+24,-1.10253E+12,-2.43719E+11,1.1306E+11,50511.04053,-237165.3781,-889.0284515
8.33E+24,8.45623E+11,-5.37615E+11,-18787068616,138267.9058,217664.4258,-19187.29368
1.77E+24,28309379243,4.33628E+11,-13336252250,-390557.6505,26150.76267,14084.39427
4.88E+24,-6.30999E+11,4.19577E+11,-48957957652,-164822.4563,-246617.4009,-8419.70119
3.33E+24,-3.26873E+11,4.88421E+11,-13005420864,-278147.0572,-187227.1889,-27600.34038
3.90E+24,4.92211E+11,2.00248E+11,12939346492,-133342.5047,328279.1807,-2190.467465
3.91E+24,-2.66444E+11,-2.38687E+11,33175010122,286475.4011,-321239.7886,-49596.04211
4.59E+24,-1.01878E+11,-1.12001E+12,-18836021815,242337.1153,-22181.0329,14480.18015
4.02E+24,7641641083,1.41252E+11,-71032382450,-625820.9962,100587.4317,149699.9512
7.06E+24,1.24329E+11,3.64761E+11,-17428223817,-393413.0229,134496.5729,18359.526
4.33E+23,7.71614E+11,-2.2872E+11,33490894216,82185.49482,275923.9661,3154.234281
8.99E+24,5.13404E+11,-8.15457E+11,23766358184,221891.4375,139058.8962,-30345.9893
6.13E+24,-2.68259E+11,3.86148E+11,-3926529521,-308759.9925,-214811.0039,-15269.81455
2.52E+24,3.07226E+11,7.12926E+11,-34990974210,-268961.0836,116477.1246,-1633.418423
8.35E+24,-56281777201,1.82237E+11,-50362884298,-535311.7131,-198242.2212,-104756.3243
7.18E+24,7.28898E+11,31195763403,-83016873250,-6124.264165,299316.1208,21617.41075
6.08E+23,-859569731.4,71938123598,-1910821296,-960105.4105,-8997.976007,53715.29823
6.07E+24,4.37102E+11,-2.96616E+11,-22152058172,199947.0395,293607.461,3914.793248
4.60E+24,-1.09002E+11,3.06364E+11,-34217086477,-421068.5227,-155263.794,-55713.0087
3.13E+24,-1.66488E+11,-19570062325,-22885080682,86055.00669,-614041.1717,-99276.66473
2.18E+24,3.83329E+11,7.2297E+11,54933817226,-251716.0851,134534.258,5782.349469
1.31E+24,6.19458E+11,2.38303E+11,-68758496650,-109695.9144,296272.5223,5552.700478
4.39E+24,96128750594,1.7313E+11,-15688873855,-507564.9904,277771.9236,-27036.91874
2.55E+24,-1.01992E+11,2.41672E+11,4738951593,-459110.2073,-192221.101,-85271.37658
7.34E+24,-17817860509,1.5216E+11,53922904001,-637067.8807,-69824.79099,-15021.49428
1.20E+24,-85481139959,5.23919E+11,-52301220017,-347869.1496,-59360.12699,-22497.5427
3.60E+24,5.02941E+11,1.16936E+12,1.40951E+11,-208945.7154,91885.06611,-765.4317284
8.02E+24,4.49269E+11,7.20795E+11,-1817812998,-237830.6549,148223.9841,-8378.595796
9.78E+24,57037240533,5.8356E+11,-10534116266,-329006.3692,33776.56452,49338.05465
9.84E+24,6.13951E+11,6.46546E+11,-79293582576,-197207.6072,189290.8057,-9614.610813
3.35E+24,-7.4154E+11,7.7488E+11,28332597371,-180288.6979,-172383.7398,3041.9399
4.09E+24,6.62613E+11,-1.04706E+11,19061133380,50125.74829,309696.8352,-24880.06611
7.25E+24,17405207372,3.09055E+11,32110659819,-459802.8354,22558.99601,79108.67262
3.99E+24,-9.22211E+11,1.21924E+11,63342806091,-36424.59311,-264798.6975,-6676.780111
1.19E+24,-8.50547E+11,-54938406519,24352166247,16468.18506,-275111.1977,-50976.18682
2.82E+24,1.98538E+11,9.43672E+11,59503882156,-257299.3635,54446.15067,17487.8108
4.71E+24,25929501359,-50120367508,-10270211508,954845.6469,501339.2741,-18253.12
2.40E+24,2.9661E+11,5.47407E+11,84414472765,-286407.0381,155893.2596,22612.7346
1.10E+24,-3.51146E+11,18242601774,-20161162998,-18400.42619,-430191.8618,-59625.66229
2.10E+24,1.11698E+11,-2.86408E+11,-40016639909,431742.9271,170929.7159,17887.5546
5.11E+24,-62538023681,-6.59923E+11,3710629068,315891.3859,-29930.62218,1894.80383
5.31E+24,3.03058E+11,-4.53684E+11,15373793135,290725.3046,194292.6437,4369.547921
5.36E+24,-5.2362E+11,-2.11214E+11,-21604456851,128260.3226,-318860.6825,95.44929636
2.36E+24,1.0163E+12,3.89853E+11,60688931025,-88065.15782,231237.9065,519.6985468
7.10E+24,-5.38816E+11,3.41179E+11,-51674490120,-174544.741,-271648.2064,2013.919686
5.91E+24,7.34751E+11,-2.69177E+11,-19504207990,100755.1885,273388.0708,16596.48579
8.67E+24,-7.94091E+11,3.50835E+11,13171557618,-111244.2826,-252562.8158,34617.54849
1.29E+24,76665477282,3.54008E+11,12775320089,-419535.7404,90505.9146,-5504.157053
1.11E+24,1.21306E+12,-2.4641E+11,23676561381,46218.95613,227536.6578,11397.23976
7.94E+24,4.5383E+11,2.31684E+11,55692354894,-167156.9385,318232.3049,26024.14676
6.77E+24,2.30737E+11,-5.23584E+11,-50452884415,311240.867,138255.2379,-18696.97183
8.35E+24,-3.60259E+11,-7.03676E+11,96989260502,251744.6632,-137190.2969,-26597.39515
3.74E+24,2.70213E+11,2.50045E+11,8359198146,-285265.5209,310228.8363,-62013.65424
5.19E+24,-8.75841E+11,-3.54144E+11,15374711655,99567.70903,-246420.7009,-365.0725431
8.65E+24,-2.30038E+11,-5.83928E+11,16535804956,302374.1881,-118178.1554,27411.39784
4.84E+24,8933526678,-2.62608E+11,-8223795779,497984.7469,14544.31689,74303.89433
3.19E+24,3.5727E+11,5.96505E+11,-19511747451,-265649.972,159342.9031,-1088.472524
9.61E+24,-6.90552E+11,-3.84818E+11,-13639232575,141268.7478,-253814.3325,4168.075917
6.39E+24,-1.212E+11,9715387644,3029415916,-58940.68054,-738505.1723,-12120.58826
3.96E+24,4.54022E+11,-9.01192E+11,25104969696,229701.3658,115649.8301,5746.633803
5.00E+23,2.01774E+11,2.08213E+11,-20461002128,-343466.5262,333920.6629,13975.1238
9.71E+24,-7.76768E+11,-2.05639E+11,-17715512835,73906.54667,-277773.4017,-26076.66514
2.60E+24,-3.47394E+11,-4.27306E+11,-56084782931,270126.5462,-211112.0416,-46899.08277
6.97E+24,-8.75495E+11,8.19237E+11,3329726180,-161197.1793,-172260.6181,-3910.784763
1.43E+24,-5.04E+11,-2.34292E+11,36818212964,146019.9561,-313823.0481,8780.297042
9.69E+24,6.10631E+11,-1.26226E+11,12896344924,64014.79817,316210.8478,45828.67594
5.94E+24,-1.02573E+12,-1.62783E+11,-26386567802,39161.93805,-249516.2368,26623.9277
5.46E+24,-1.31624E+11,-3.77494E+11,7749750632,385647.3059,-133995.8881,10386.58095
8.50E+24,5.61053E+11,9.31757E+11,-82796441131,-210714.9559,128623.5992,12404.7965
2.73E+24,-9.84346E+11,-1.06671E+12,-41417379553,157467.7237,-145458.097,2553.599851
5.08E+23,-1.44106E+11,-2.58331E+11,36821879780,413170.0214,-230580.8789,-36161.34219
7.29E+24,-2.84187E+11,1.04993E+12,-14955034659,-238726.8197,-64716.93747,-25136.57997
1.05E+23,2.72447E+11,6.22849E+11,-38086523514,-286660.3413,126088.1747,-4356.702768
5.30E+24,-4.2855E+11,-2.60518E+11,-5751978392,185475.7136,-307176.519,46034.26197
8.82E+24,2.5706E+11,8.42462E+11,-18008065468,-263266.2118,80355.65634,-6016.747182
7.70E+24,-7.33588E+11,3.89726E+11,1.12033E+11,-137672.0605,-244746.6039,-15406.6842
1.26E+24,-1.49034E+11,-3.44893E+11,37083157687,387060.2687,-165142.2217,-15513.36733
8.49E+24,-1.76145E+11,-9.39179E+11,34876745690,259507.2423,-48507.12067,23625.23145
2.57E+24,7.90601E+11,-4.73125E+11,-1.04842E+11,140001.2101,229421.6605,-12691.98447
1.23E+24,1.03185E+12,1.7051E+11,-15526114770,-41158.1722,249242.1285,-2769.319476
2.84E+24,-6.52124E+11,45460566818,-4142692944,-22293.49735,-318571.389,8387.327636
8.94E+24,-2.26314E+11,2.46695E+11,14959354329,-326475.197,-301669.2386,44114.96774
2.11E+23,-9.15863E+11,34396611194,11332332668,-10057.59978,-269529.9289,13450.31498
4.20E+24,3.42104E+11,1.66123E+12,-53864313509,-194119.537,40103.21148,10293.34958
3.22E+24,-9.02301E+11,3.61055E+11,66267642301,-97740.98462,-243058.4759,17389.95833
2.17E+24,-3.18679E+11,32503383990,39171324211,-40360.22882,-450310.4372,53113.36816
3.02E+24,1.06121E+12,99044038853,-92466636911,-20700.95679,247523.6524,25062.73271
3.89E+24,3.25262E+11,-1.34806E+11,-24200514788,167026.0543,400769.8527,48279.06613
4.84E+24,-3.06935E+11,-6.30514E+11,-21369775786,277210.9011,-134596.4391,-16500.50116
4.05E+24,-9.77329E+11,-6.35064E+11,-5572162799,130385.3526,-200650.4444,-4170.689112
2.79E+24,-3.12661E+11,4.14677E+11,12893860182,-286319.1176,-215487.5976,-4862.627412
4.96E+24,-1.11075E+11,-3.73141E+11,-9784135308,393827.7569,-118589.4044,42793.19898
9.30E+24,-67906911223,2.27561E+11,-10164770862,-507191.462,-152292.3929,-16963.34756
7.92E+24,5.28476E+11,-2.41039E+11,26196447346,139324.1697,308042.5075,20575.7393
5.25E+24,5.60005E+11,-67797011449,-45785501025,39143.84213,340265.2137,-24656.86846
9.39E+24,2.48424E+11,-15253824099,19635648181,22564.06586,506054.3226,99631.8535
7.94E+24,-2.77162E+11,6.79268E+11,71999428704,-279138.2076,-108869.7276,-16233.96595
4.48E+24,-1.02747E+11,-7.18855E+11,-20316451397,299111.7902,-43553.25767,18039.46553
6.51E+24,-1.27942E+12,5.77426E+11,58389213670,-89806.65384,-198693.2847,12678.24712
2.54E+24,-3.17439E+11,9.70033E+11,77125533959,-242982.8202,-78081.99428,-3842.506739
5.91E+24,-2.67715E+11,-3.27812E+11,36634739245,301381.9637,-252589.3003,-42833.04167
1.38E+24,4.97122E+11,-1.57307E+11,-3715580732,107011.96,339383.0318,-26810.43834
4.23E+24,16088444206,-57427093762,-30326517569,958443.3861,134114.0077,237122.8967
5.95E+24,-3.31522E+11,2.65103E+11,1401039893,-247095.5035,-308801.3891,-21379.80968
1.84E+24,1.05896E+12,2.28497E+11,-34711244865,-52311.02252,242601.901,-13270.74173
9.42E+24,-79536881152,1.72211E+11,-38684105955,-525735.1436,-255287.6254,-57404.4893
2.37E+24,1.05292E+11,-1.9929E+11,46142319534,479988.7856,241682.9438,-25185.15472
4.68E+23,-4064690120,4.30325E+11,-8798760451,-392616.6418,-2911.658331,23150.70121
2.69E+24,-8.90858E+11,1.0454E+12,31115041021,-167805.558,-142944.1536,5680.653305
1.60E+24,97867768147,7.7975E+11,62300815772,-288754.4539,37516.64549,7725.638875
8.82E+24,-6.09663E+11,4.53749E+11,1.00398E+11,-181367.8872,-228750.2976,-27315.53193
9.83E+24,6.42727E+11,3.33632E+11,44015170027,-140119.0072,268433.9308,26962.5296
1.98E+24,-59304810134,-8.91577E+11,69891175811,271839.204,-20014.82868,-6886.675005
1.46E+24,56604248804,-2.14275E+11,72730117384,509453.8572,154100.205,49469.04016
2.76E+24,-2.89516E+11,2.19962E+11,-34795108004,-258416.416,-340687.0993,33700.10199
8.07E+24,6.41548E+11,-4.09847E+11,-1364853382,158106.8382,247362.2187,38567.13299
7.27E+24,-1.98893E+11,5.72759E+11,11457116935,-312753.6016,-109032.7068,16762.56466
4.96E+24,-4.47086E+11,-8.06704E+11,-44287158820,234590.5205,-130900.1789,7064.159024
2.95E+24,-1.61205E+11,2.15313E+11,14638450710,-399253.0075,-297238.3495,-774.5373081
5.23E+24,4.6437E+11,-16565424068,48225948723,10991.22072,377501.0072,10127.96186
6.46E+24,-4.3058E+11,-23276273535,15498647493,20560.76408,-392449.4495,-13347.49387
3.75E+24,1.00646E+11,-1.51948E+11,-25472205466,503268.784,331863.8037,-83431.82614
4.60E+24,4.37373E+11,8.04623E+11,-51798016379,-235351.8864,129665.3147,20757.19179
1.23E+23,-98494644103,-92009057068,-57211767697,484392.6069,-467407.309,-33066.9333
8.71E+24,-3.16319E+11,-3.43235E+11,-45070082943,275666.3304,-257001.6055,12810.72265
1.37E+24,9.31209E+11,2.25851E+11,-36026339644,-61609.80045,256270.1619,9570.998817
4.16E+24,6.18857E+11,4.93491E+11,-52231128818,-179348.7392,227590.6942,6923.254404
5.95E+24,2.52094E+11,1.56346E+11,37811261384,-249113.0686,401352.351,37596.86956
7.61E+24,1.05344E+12,4.82628E+11,-35343226963,-99726.71986,218171.0442,4283.935145
1.17E+24,78117539910,-9.23166E+11,57208149151,264586.5062,20011.02437,-39011.55422
6.53E+24,4.32523E+11,-57980369338,58034735685,57830.47515,382747.388,-36371.81294
9.61E+24,4.40049E+11,-5.04507E+11,-65774159120,236173.6314,207531.1288,-31719.84478
7.06E+24,2.76263E+11,-2.01691E+11,-7439614638,256742.0332,353694.2476,-74007.45178
1.81E+24,-6.66446E+11,4.48882E+11,-39016276155,-161097.5197,-238864.074,-11842.48703
6.33E+24,-1.14878E+11,33983520054,-53221690457,-188825.654,-685974.8136,-94732.40669
9.20E+24,5.56646E+11,1.72402E+11,-23118305017,-98530.94168,322824.0714,14887.18776
6.41E+24,-2.73698E+11,3.62279E+11,-31540630699,-301372.1584,-232863.548,-26733.31443
9.65E+24,-4.81492E+11,-14579748011,-2233801927,11343.06141,-371822.3035,-9277.866214
9.16E+24,1.78957E+11,1.32614E+11,-10356258694,-318803.5448,437943.4755,59458.49533
8.62E+24,-49820090591,-1.11852E+12,51225106244,243653.5223,-11328.05488,-5184.630467
9.46E+24,4.1553E+11,8.37312E+11,-73255599595,-238149.1189,120012.4982,3143.391658
7.07E+24,-9.58003E+11,-1.32015E+12,10055603970,163708.626,-118795.8801,9204.432834
4.98E+24,-3.47074E+11,-12142045957,-19661704775,16317.50331,-437908.167,8676.100156
2.32E+24,-53685916301,-1.39295E+11,5847230433,611459.9369,-230304.5772,155546.3841
7.25E+23,3.89749E+11,86367404546,4938194629,-87947.16631,398536.6865,-21085.74621
3.64E+24,-2.92608E+11,3.96445E+11,-12317743354,-296171.7362,-218038.9868,8413.948769
1.46E+24,1.17454E+12,20195581087,-1.24627E+11,-2799.132747,238178.8086,-19451.04221
4.77E+24,-3.11786E+11,-2.33183E+11,-7652560708,248093.2875,-330772.7334,-14979.63518
6.69E+24,-4.6117E+11,-90717516148,-928419135.9,72707.72991,-369364.3243,-11974.22303
5.36E+24,3.98312E+11,-1.96522E+11,-13490907218,171525.9906,341832.7701,46381.5725
6.84E+24,-5.50244E+11,-6.94758E+11,4160392862,214836.868,-170078.8149,19262.4716
5.96E+24,-6.52244E+11,-1.4277E+11,-12692300878,67631.72742,-308801.7034,-5777.466064
4.69E+24,1.13078E+11,2.52374E+11,13287626559,-445774.4503,201385.9718,-57189.04566
3.00E+24,40664138196,-5.18025E+11,29853301385,356914.9369,28359.06943,7128.715908
4.53E+23,-6.19691E+11,-3.29802E+11,4055036469,144316.5661,-271490.4315,-20625.17184
8.73E+24,-2.27721E+11,-4.55151E+11,-18156139105,323659.4656,-160846.981,-15820.51534
5.54E+24,-2.90376E+11,6.73547E+11,-3529095992,-276727.4925,-119369.1749,-13184.93313
1.89E+24,4.75397E+11,1.32558E+12,27159199579,-204890.7436,73528.46335,461.2748891
9.74E+24,-9.67347E+11,-5.82267E+11,51658042343,124909.8963,-208368.348,-3319.785644
4.28E+24,-2.54031E+11,-7.12542E+11,39800054573,278848.0799,-100753.9059,-8328.930975
7.73E+24,2.33051E+11,6.33882E+11,-73331080303,-294042.4245,109436.9034,-16507.30115
4.85E+24,-3.73255E+11,-1.39251E+11,13331144740,143391.4895,-383244.8152,216.6821667
7.40E+24,1.96089E+11,-3.41799E+11,30198934879,356110.993,205374.4535,-9318.039811
3.62E+23,1.23951E+12,-5.87352E+11,30423110317,94508.48667,199260.2301,-3161.743916
3.24E+24,-5.51293E+11,-15039950903,-3474446779,9538.084868,-347686.6687,-5171.429958
6.35E+23,-25905171822,2.27733E+11,56559075398,-527580.5645,-62975.25168,34125.50829
6.21E+24,8484310972,1.97091E+11,41309701193,-500768.3886,-37192.77417,281833.2408
4.79E+24,-3.92279E+11,1.29336E+11,-49832429153,-133074.2128,-369261.4234,71316.16732
5.30E+24,1.8034E+11,-1.79087E+11,9759407218,361600.6387,362205.5499,-13173.62695
5.16E+24,-2.04206E+11,2.23376E+11,-17068851500,-346052.3937,-316667.717,-36277.31542
8.36E+24,-1.3112E+11,-1.06964E+11,2673720120,396460.6803,-486684.9429,-11923.46761
8.61E+24,6.05355E+11,-2.36977E+11,31952115745,113361.2018,295954.7094,44496.92425
9.87E+24,-2.64473E+11,5.42798E+11,18903633447,-298913.9418,-145397.325,838.2972349
2.53E+24,2.48867E+11,2.32028E+11,-11772931020,-302175.5958,323751.4964,12314.36967
6.92E+24,8.12301E+11,-59707606823,25886320021,21429.8497,285210.5967,-6748.272572
4.78E+24,5.03951E+11,-7.03019E+11,-42428737167,225924.3051,160761.9469,9228.813719
3.00E+23,-2.28348E+11,-7.4188E+11,-2127179788,280232.7245,-86244.2708,-4449.519006
4.28E+24,-3.90664E+11,-4.34037E+11,70819385441,251416.7588,-222457.7353,32559.57807
9.69E+24,-4.0813E+11,9.12463E+11,-23375138416,-235824.9629,-105262.0304,6935.22369
6.32E+24,1.02785E+12,-2.25537E+11,87730451793,55485.52586,244866.4891,-8177.739054
7.44E+24,2.14724E+11,38585265650,-6927766671,-98135.25111,544194.2911,440.3063952
9.38E+24,2.24453E+11,6.76271E+11,-8534053504,-289634.7325,95822.05089,-24348.99155
2.50E+24,3.90518E+11,-9.08973E+11,62497092992,238794.6734,101995.51,11042.53112
1.15E+24,-5.34568E+11,4.61515E+11,47549590273,-201950.1415,-229209.1898,-21264.75075
5.76E+24,3.23226E+11,-1.98018E+11,19344803168,218268.5511,347854.5698,-83499.44693
5.85E+24,1.04647E+12,7.9754E+11,53785479350,-136355.5347,179215.8621,6023.267529
8.48E+24,-6.04408E+11,-9.12777E+11,63733497700,204834.8953,-136755.346,-12714.59185
4.55E+24,-2.57351E+11,-9.3893E+11,-57242469869,251946.0625,-70004.84213,3860.994869
8.92E+23,-4.03759E+11,2.24529E+11,-32824152065,-183102.6412,-332271.259,-8483.969951
7.40E+24,-7.04214E+11,74230344002,9501387204,-32167.13736,-305298.3568,4347.844645
2.71E+24,-1.53503E+11,18755212471,-866158013.4,-54185.67828,-465113.8888,-455921.0699
4.61E+24,78046598622,-4.47051E+11,51757353208,375380.0634,69359.05818,12226.59374
5.31E+24,9.87104E+11,-3.38156E+11,80515757681,83057.22835,238418.5237,-2023.956279
6.54E+24,-7.8569E+11,-6.02201E+11,754658886.1,157913.0186,-206033.7126,-8274.722144
1.93E+24,1.21829E+12,3.09017E+11,-27957950085,-56601.25548,223371.5736,-3713.153891
8.30E+24,-6.71054E+11,-35912529598,7659543495,17151.43077,-313036.0266,29401.42509
6.53E+24,3.19295E+11,5.31048E+11,-20108657734,-280671.1854,169513.5268,7173.940408
7.90E+23,4.24711E+11,4.12932E+11,7749556294,-233322.5489,240486.5381,-14401.74468
4.51E+24,1.0519E+12,-2.17336E+11,-37792003816,50678.55237,243968.938,1354.277164
5.66E+24,1.59512E+11,1.12438E+12,1966758643,-239882.9857,34039.92852,-13718.14654
5.73E+24,-6.68018E+11,99877982200,-13387854406,-46279.23228,-310724.4616,-11575.72149
1.66E+24,6.92681E+11,5.174E+11,4405208956,-166030.031,222377.8409,-14815.09892
4.94E+24,3.71758E+11,1.11943E+11,2904950161,-119385.9583,395286.9895,30501.36951
8.67E+24,-5.01491E+11,5.02705E+11,50803808683,-217876.5623,-215124.3667,-282.9836554
9.76E+24,3.4073E+11,3.10135E+11,-15023009260,-254157.7839,281361.977,23243.03528
4.16E+24,2.22601E+11,1.1211E+11,28790632085,-231576.2743,407346.0906,227407.8612
7.77E+24,4.74765E+11,-8.78581E+11,-69348233008,227653.1688,122334.0153,-13737.17536
7.88E+24,-5.56272E+11,-2.48711E+11,-98529459166,135726.0587,-298765.0534,-36842.56294
3.75E+23,3.14516E+11,-8.26568E+11,11812696775,256417.0565,97363.13352,-16142.27213
6.68E+24,-3.35986E+11,-6.57093E+11,-37412439046,267517.211,-136359.1526,-21502.37448
3.89E+24,-2.52373E+11,1.30518E+11,-36514300514,-224726.0501,-426070.3293,31513.8042
1.58E+24,-3.49639E+11,-7.4181E+11,-5653543876,257960.5581,-121533.4202,-10494.72086
7.49E+24,-8.29813E+11,-69634412365,-23964271447,22866.90882,-281152.8569,21730.42679
8.87E+24,1.73278E+11,3.60199E+11,40958292238,-365668.663,178185.5367,-32211.00781
6.74E+24,2.70907E+11,3.64862E+11,-17840787749,-306888.1454,224577.9884,-31881.00362
3.16E+24,-1.24948E+12,-5.74001E+11,53350919205,91854.75025,-200242.1177,9810.060213
5.11E+24,-2.70031E+11,-3.55965E+11,-12190205131,308005.1438,-232856.4106,-10160.56188
3.03E+23,2.98262E+11,52657671617,-23587325975,-81804.72386,461490.6036,-8174.91359
6.56E+24,-5.58832E+11,6.89828E+11,41737185009,-213265.1833,-171749.4253,-6932.832506
9.67E+24,2.64351E+11,-1.18324E+12,61914182237,228707.196,50501.67118,-10641.6813
3.14E+24,3.31319E+11,2.68954E+11,40987364487,-248316.2543,306546.1877,-12563.49078
4.30E+23,7.44125E+11,-41660444166,21012895578,17834.89014,296057.5142,-34719.95415
9.47E+24,97057881941,3.60383E+11,-24068842626,-408371.1572,108490.2796,3655.451659
6.74E+24,-2.94527E+11,-3.40957E+11,71646977649,293925.608,-242372.5899,21163.97977
3.99E+24,-7.7799E+11,-9.18792E+11,18976173629,179631.9509,-152170.7165,-2208.266601
6.35E+23,2.40695E+11,-2.05531E+11,-19420456287,293855.1271,347670.8426,-86787.62904
9.17E+24,2.6969E+11,4.63466E+11,-43578194626,-303699.1469,178325.4973,1582.590108
4.86E+23,1.483E+11,-5.84738E+11,40320489991,322152.1373,79459.80934,-9129.208801
3.05E+24,7.95257E+11,8.51723E+11,50146159405,-174643.1018,163491.9759,843.8537196
9.06E+24,-5.24537E+11,-23618801975,6741567160,16026.55632,-356154.5896,577.2362887
7.78E+24,2.37802E+11,-3.25633E+11,2300646245,328321.8985,239893.7753,9932.362121
4.73E+24,2.91633E+11,2.08285E+11,22058643873,-252182.6728,348729.0205,16447.53347
9.05E+24,-6974751924,2.41568E+11,-17506365883,-524696.1262,-14724.31707,-11954.79914
1.52E+24,9.43415E+11,-82745557366,-19382856856,23089.18934,264298.6861,-16565.31497
6.50E+24,1.31273E+11,-3.27672E+11,-26045959062,397000.6542,164760.7357,-53026.13477
7.07E+24,-2.51851E+11,-28364763908,-8883508442,58130.65469,-508962.5025,-33111.99411
4.80E+24,1.18527E+12,-86800758727,30536582553,17290.77381,236292.6022,16176.92921
8.39E+24,9.93517E+11,3.42409E+11,-95006452537,-80680.94955,238440.8234,-6968.1356
2.66E+24,2.55028E+11,-55353700134,7805759020,108411.4067,489143.1791,-63183.64402
4.71E+24,3.24954E+11,-28401471940,-30282771096,35686.37934,448609.3028,-32063.73756
3.89E+24,1.74402E+11,-2.07117E+11,20400397669,380704.8613,316705.7004,-14347.18922
3.87E+23,-1.97229E+11,3.44482E+11,-19661328680,-355592.6249,-203748.1626,8980.714569
1.21E+24,4.15849E+11,2.73699E+11,-47916625365,-202811.8836,302898.6915,-19001.16275
